id,name,brand,ebayPrice,price,condition,image,description,grade,colors,storage,screen,processor,camera,battery,featured
107,iPhone 17,Apple,0,4999,new,/products/iphone17.jpg,El futuro es hoy. Chip A19 y cámaras duales de 48MP.,Nuevo Sellado,"Negro, Blanco, Lavanda, Azul Mist, Salvia","256GB, 512GB",6.3" 120Hz ProMotion,A19 (8GB RAM),Dual 48MP + 48MP,3,692 mAh,TRUE
108,iPhone Air,Apple,0,5499,new,/products/iphoneair.jpg,Increíblemente delgado. Potencia Pro en un diseño aéreo.,Nuevo Sellado,"Plata, Grafito, Oro","256GB, 512GB, 1TB",6.5" Super delgado,A19 Pro (12GB RAM),Single 48MP Fusion,3,036 mAh,TRUE
109,iPhone 17 Pro,Apple,0,5999,new,/products/iphone17pro.jpg,Poder absoluto. Pantalla de 3000 nits y zoom óptico.,Nuevo Sellado,"Deep Blue, Silver, Cosmic Orange","256GB, 512GB, 1TB",6.3" 3000 nits,A19 Pro (12GB RAM),Triple 48MP (Tele 4x),3,988 mAh,TRUE
110,iPhone 17 Pro Max,Apple,0,6599,new,/products/iphone17promax.jpg,El iPhone definitivo. Máxima batería y pantalla gigante.,Nuevo Sellado,"Deep Blue, Silver, Cosmic Orange","256GB, 512GB, 1TB, 2TB",6.9" 3000 nits,A19 Pro (12GB RAM),Triple 48MP (Tele 4x),4,832 mAh,TRUE
111,iPhone 16,Apple,0,3999,new,/products/iphone16.jpg,Colores vibrantes y pantalla OLED de 2000 nits.,Nuevo Sellado,"Negro, Blanco, Rosa, Verde Azulado, Ultramarino","128GB, 256GB, 512GB",6.1" OLED 2000 nits,A18 (8GB RAM),48MP + 12MP (Macro),3,561 mAh,FALSE
112,iPhone 16 Pro,Apple,0,4699,new,/products/iphone16pro.jpg,Titanio pulido y botón de captura dedicado.,Nuevo Sellado,"Titanio Negro, Blanco, Natural, Desierto","128GB, 256GB, 512GB, 1TB",6.3" 1-120Hz,A18 Pro (8GB RAM),48MP + 48MP + 12MP (5x),3,582 mAh,TRUE
113,iPhone 16 Pro Max,Apple,0,5299,new,/products/iphone16promax.jpg,La mejor batería en un iPhone. Pantalla inmersiva.,Nuevo Sellado,"Titanio Negro, Blanco, Natural, Desierto","256GB, 512GB, 1TB",6.9" 1-120Hz,A18 Pro (8GB RAM),48MP + 48MP + 12MP (5x),4,685 mAh,TRUE
106,iPhone 15 Pro Max,Apple,750,5799,new,/products/iphone15promax.jpg,Titanio aeroespacial. El iPhone más ligero Pro.,Nuevo Sellado,"Natural Titanium, Blue Titanium, White Titanium, Black Titanium","256GB, 512GB, 1TB",6.7" Super Retina XDR,A17 Pro,48MP Teleobjetivo 5x,4441 mAh,TRUE
114,iPhone 15 Pro,Apple,0,3899,new,/products/iphone15pro.jpg,Potencia compacta en Titanio. Chip A17 Pro.,Nuevo Sellado,"Titanio Negro, Blanco, Azul, Natural","128GB, 256GB, 512GB, 1TB",6.1" ProMotion,A17 Pro (8GB RAM),48MP + 12MP + 12MP (3x),3,274 mAh,FALSE
105,iPhone 15,Apple,460,3599,new,/products/iphone15.jpg,USB-C y Dynamic Island para todos.,Nuevo Sellado,"Black, Blue, Green, Yellow, Pink","128GB, 256GB, 512GB",6.1" Super Retina XDR,A16 Bionic,48MP,3349 mAh,FALSE
104,iPhone 14 Pro Max,Apple,520,3899,used,/products/iphone14promax.jpg,Dynamic Island y 48MP. Potencia sin límites.,Grado A+ Impecable,"Space Black, Silver, Gold, Deep Purple","128GB, 256GB, 512GB, 1TB",6.7" Always-On Retina,A16 Bionic,48MP Principal,4323 mAh,FALSE
116,iPhone 14 Pro,Apple,0,3099,used,/products/iphone14pro.jpg,La revolución del Dynamic Island.,Grado A+ Impecable,"Negro Espacial, Plata, Oro, Morado Oscuro","128GB, 256GB, 512GB, 1TB",6.1" Dynamic Island,A16 Bionic (6GB RAM),48MP + 12MP + 12MP,3,200 mAh,FALSE
115,iPhone 14,Apple,0,2599,used,/products/iphone14.jpg,Gran autonomía y modo acción.,Grado A+ Impecable,"Medianoche, Púrpura, Estelar, Rojo, Azul, Amarillo","128GB, 256GB, 512GB",6.1" Super Retina XDR,A15 Bionic (6GB RAM),Dual 12MP,3,279 mAh,FALSE
118,iPhone 13 Pro Max,Apple,0,2999,used,/products/iphone13promax.jpg,Batería legendaria y pantalla ProMotion.,Grado A+ Impecable,"Grafito, Oro, Plata, Azul Sierra, Verde Alpino","128GB, 256GB, 512GB, 1TB",6.7" OLED 120Hz,A15 Bionic,Triple 12MP + LiDAR,4,352 mAh,FALSE
117,iPhone 13 Pro,Apple,0,2699,used,/products/iphone13pro.jpg,Macro fotografía y rendimiento de cine.,Grado A+ Impecable,"Grafito, Oro, Plata, Azul Sierra, Verde Alpino","128GB, 256GB, 512GB, 1TB",6.1" OLED 120Hz,A15 Bionic,Triple 12MP + LiDAR,3,095 mAh,FALSE
103,iPhone 13,Apple,230,2099,used,/products/iphone13.jpg,El equilibrio perfecto. Modo Cine y gran batería.,Grado A+ Impecable,"Midnight, Starlight, Blue, Pink, Green","128GB, 256GB, 512GB",6.1" Super Retina XDR,A15 Bionic,12MP Dual,3240 mAh,FALSE
120,iPhone 12 Pro Max,Apple,0,2399,used,/products/iphone12promax.jpg,"El fotógrafo profesional. Sensor Shift.",Grado A+ Impecable,"Plata, Grafito, Oro, Azul Pacífico","128GB, 256GB, 512GB",6.7" OLED Super Retina,A14 Bionic,Triple 12MP + LiDAR,3,687 mAh,FALSE
119,iPhone 12 Pro,Apple,0,2099,used,/products/iphone12pro.jpg,Acero inoxidable y potencia A14.,Grado A+ Impecable,"Plata, Grafito, Oro, Azul Pacífico","128GB, 256GB, 512GB",6.1" OLED Super Retina,A14 Bionic,Triple 12MP + LiDAR,2,815 mAh,FALSE
102,iPhone 12,Apple,190,1599,used,/products/iphone12.jpg,Entrada al 5G y diseño plano. Pantalla OLED.,Grado A+ Impecable,"Black, White, Blue, Green, Purple, Product Red","64GB, 128GB, 256GB",6.1" Super Retina XDR,A14 Bionic,12MP Dual,2815 mAh,FALSE
101,iPhone 11,Apple,180,1299,used,/products/iphone11.jpg,El favorito de todos. Colores y doble cámara.,Grado A+ Impecable,"Black, White, Purple, Green, Yellow, Red","64GB, 128GB, 256GB",6.1" Liquid Retina,A13 Bionic,12MP Dual,3110 mAh,FALSE
215,Google Pixel 10 Pro XL,Google,0,0,new,/products/pixel10proxl.jpg,La experiencia Pixel definitiva. Pantalla gigante y batería de larga duración.,Nuevo Sellado,"Jade, Moonstone, Obsidian, Porcelain","256GB, 512GB, 1TB",6.8" LTPO OLED 120Hz,Google Tensor G5,50MP + 48MP + 48MP Tele 5x,5200 mAh,TRUE
214,Google Pixel 10 Pro,Google,0,0,new,/products/pixel10pro.jpg,Potencia compacta. El Pro que cabe en tu mano con Tensor G5.,Nuevo Sellado,"Jade, Moonstone, Obsidian, Porcelain","128GB, 256GB, 512GB, 1TB",6.3" LTPO OLED 120Hz,Google Tensor G5,50MP + 48MP + 48MP Tele 5x,4870 mAh,TRUE
213,Google Pixel 10,Google,0,0,new,/products/pixel10.jpg,Chip Tensor G5. La inteligencia artificial llevada al siguiente nivel.,Nuevo Sellado,"Frost, Indigo, Lemongrass, Obsidian","128GB, 256GB",6.3" OLED 120Hz,Google Tensor G5,48MP + 13MP + 10.8MP Tele,4970 mAh,TRUE
216,Google Pixel 10a,Google,0,0,new,/products/pixel10a.jpg,La entrada al mundo Tensor G5. Económico y potente.,Nuevo Sellado,"Indigo, Obsidian, Fog, Berry","128GB, 256GB",6.2" o 6.3" AMOLED 120Hz,Google Tensor G5,48MP + 13MP UGA,5100 mAh,FALSE
212,Google Pixel 9 Pro XL,Google,0,0,new,/products/pixel9proxl.jpg,Más pantalla, más batería. El flagship de Google.,Nuevo Sellado,"Obsidian, Porcelain, Hazel, Rose Quartz","128GB, 256GB, 512GB, 1TB",6.8" LTPO OLED 120Hz,Google Tensor G4,50MP + 48MP + 48MP Tele 5x,5060 mAh,TRUE
211,Google Pixel 9 Pro,Google,0,0,new,/products/pixel9pro.jpg,El Pro perfecto. Cámaras de nivel profesional en tamaño ideal.,Nuevo Sellado,"Obsidian, Porcelain, Hazel, Rose Quartz","128GB, 256GB, 512GB, 1TB",6.3" LTPO OLED 120Hz,Google Tensor G4,50MP + 48MP + 48MP Tele 5x,4700 mAh,TRUE
210,Google Pixel 9,Google,0,0,new,/products/pixel9.jpg,Diseño renovado y chip Tensor G4. Elegancia y poder.,Nuevo Sellado,"Obsidian, Porcelain, Wintergreen, Peony","128GB, 256GB",6.3" OLED 120Hz,Google Tensor G4,50MP + 48MP UGA,4700 mAh,TRUE
206,Google Pixel 8 Pro,Google,420,3699,used,/products/pixel8pro.jpg,IA Generativa en tu mano. Magic Editor.,Como Nuevo (Open Box),"Obsidian, Porcelain, Bay, Mint","128GB, 256GB, 512GB",6.7" Super Actua LTPO,Tensor G3,50MP Triple,5050 mAh,TRUE
205,Google Pixel 8,Google,0,2799,used,/products/pixel8.jpg,7 años de actualizaciones. El futuro hoy.,Como Nuevo (Open Box),"Obsidian, Hazel, Rose, Mint","128GB, 256GB",6.2" Actua OLED 120Hz,Tensor G3,50MP Dual,4575 mAh,FALSE
209,Google Pixel 8a,Google,0,0,new,/products/pixel8a.jpg,La magia de Pixel a un precio increíble. Pantalla 120Hz.,Nuevo Sellado,"Obsidian, Porcelain, Bay, Aloe","128GB, 256GB",6.1" OLED 120Hz,Google Tensor G3,64MP + 13MP UGA,4492 mAh,FALSE
204,Google Pixel 7 Pro,Google,220,2499,used,/products/pixel7pro.jpg,Zoom Super Res y Macro Focus. Fotografía top.,Grado A+ Impecable,"Obsidian, Snow, Hazel","128GB, 256GB, 512GB",6.7" LTPO OLED 120Hz,Tensor G2,50MP Triple,5000 mAh,FALSE
203,Google Pixel 7,Google,0,1899,used,/products/pixel7.jpg,Refinamiento total. Más compacto y brillante.,Grado A+ Impecable,"Obsidian, Snow, Lemongrass","128GB, 256GB",6.3" OLED 90Hz,Tensor G2,50MP Dual,4355 mAh,FALSE
208,Google Pixel 7a,Google,0,0,new,/products/pixel7a.jpg,Increíble valor. Carga inalámbrica y gran cámara.,Nuevo Sellado,"Charcoal, Snow, Sea, Coral","128GB",6.1" OLED 90Hz,Google Tensor G2,64MP + 13MP UGA,4385 mAh,FALSE
202,Google Pixel 6 Pro,Google,0,1399,used,/products/pixel6pro.jpg,Experiencia premium de Google a bajo costo.,Grado A+ Impecable,"Stormy Black, Cloudy White, Sorta Sunny","128GB, 256GB, 512GB",6.7" LTPO OLED 120Hz,Google Tensor,50MP Triple,5003 mAh,FALSE
201,Google Pixel 6,Google,0,1099,used,/products/pixel6.jpg,El reinicio de Pixel. Chip Tensor original.,Grado A+ Impecable,"Stormy Black, Sorta Seafoam, Kinda Coral","128GB, 256GB",6.4" OLED 90Hz,Google Tensor,50MP Dual,4614 mAh,FALSE
207,Google Pixel 6a,Google,0,0,used,/products/pixel6a.jpg,Pequeño pero poderoso. La esencia de Pixel.,Grado A+ Impecable,"Charcoal, Chalk, Sage","128GB",6.1" OLED 60Hz,Google Tensor,12.2MP + 12MP UGA,4410 mAh,FALSE
